1,Kippie,G,Castagneri,1/22/1996,3/9/2019,Active
2,Ingar,M,Griss,1/6/2019,11/9/2018,Active
3,Dotti,H,Americi,2/22/1995,12/26/2003,Active
4,Prent,L,O'Moylan,12/27/1996,8/17/2011,Active
5,Lonnie,R,Hurl,7/24/2010,4/7/2016,Active
6,Dewain,T,Stephenson,10/22/2016,8/21/2014,Active
7,Stanislas,G,McGillivrie,9/16/2002,12/26/2013,Active
8,Golda,F,Sissel,3/29/2014,1/23/2001,Active
9,Gunner,W,Garter,2/18/2016,6/30/2011,Active
10,Scarlett,F,Abelov,6/1/1987,3/21/2009,Active
11,Keelby,K,Kittles,3/3/2018,1/5/2004,Active
12,Cletis,M,Whaites,9/13/2000,8/4/2005,Active
13,Wilmer,W,Joannet,8/6/1999,4/13/2008,Active
14,Dawn,V,Edgson,11/10/2001,5/19/2007,Active
15,Gunter,M,Gailor,9/7/1993,12/4/2018,Active
16,Kellina,A,Tadman,11/22/1983,10/6/1999,Active
17,Boniface,I,Gurery,12/29/1984,6/10/2008,Active
18,Laverne,Y,Pealing,6/2/1994,5/25/2004,Active
19,Fredericka,P,Jarrel,11/8/2012,6/17/2009,Active
20,Gisele,E,Champley,11/23/2007,3/21/2000,Active
